,epochs,batch,nodos,layer,learning rate,mse,rmse
0,10,64,16,1,0.002,0.026581967249512672,0.16303977370262146
1,10,64,16,2,0.002,0.032664865255355835,0.18073424696922305
2,10,64,16,4,0.002,0.031758449971675866,0.17820899188518524
3,10,64,16,8,0.002,0.032787639647722244,0.1810735911130905
4,10,64,32,1,0.002,0.028897052630782124,0.16999134421348572
5,10,64,32,2,0.002,0.03245086967945099,0.18014125525951385
6,10,64,32,4,0.002,0.03235749527812004,0.17988188564777374
7,10,64,32,8,0.002,0.03337660059332848,0.18269264698028564
8,10,64,64,1,0.002,0.030075838789343837,0.1734238713979721
9,10,64,64,2,0.002,0.03310177102684975,0.18193891644477844
10,10,64,64,4,0.002,0.033186674118041985,0.18217210471630094
11,10,64,64,8,0.002,0.031804148107767105,0.17833717167377472
12,10,128,16,1,0.002,0.0259838979691267,0.16119523346424106
13,10,128,16,2,0.002,0.026392851024866104,0.16245877742767334
14,10,128,16,4,0.002,0.02693842351436615,0.16412930190563202
15,10,128,16,8,0.002,0.03140006959438324,0.17720066010951996
16,10,128,32,1,0.002,0.02641087956726551,0.16251425445079806
17,10,128,32,2,0.002,0.026434900239109996,0.16258811950683594
18,10,128,32,4,0.002,0.03025873750448227,0.17395038902759552
19,10,128,32,8,0.002,0.028889140114188194,0.16996805369853973
20,10,128,64,1,0.002,0.026385486125946045,0.1624360978603363
21,10,128,64,2,0.002,0.026704980060458183,0.16341659426689148
22,10,128,64,4,0.002,0.02886805683374405,0.16990602016448975
23,10,128,64,8,0.002,0.033683259040117264,0.18352998793125155
24,10,256,16,1,0.002,0.02617081813514233,0.16177397966384888
25,10,256,16,2,0.002,0.02601079829037189,0.161278635263443
26,10,256,16,4,0.002,0.02585610933601856,0.16079837083816528
27,10,256,16,8,0.002,0.02586386911571026,0.16082249581813812
28,10,256,32,1,0.002,0.026102006435394287,0.16156116127967834
29,10,256,32,2,0.002,0.026368468999862667,0.16238370537757876
30,10,256,32,4,0.002,0.026344461366534237,0.16230976581573486
31,10,256,32,8,0.002,0.026374738663434986,0.16240300238132474
32,10,256,64,1,0.002,0.025926487520337105,0.161017045378685
33,10,256,64,2,0.002,0.026126215234398842,0.16163605451583862
34,10,256,64,4,0.002,0.02646497823297977,0.16268061101436615
35,10,256,64,8,0.002,0.026312114670872692,0.16221009194850922
36,25,64,16,1,0.002,0.03155266121029854,0.1776306927204132
37,25,64,16,2,0.002,0.03326903283596039,0.1823980212211609
38,25,64,16,4,0.002,0.032726459205150604,0.1809045523405075
39,25,64,16,8,0.002,0.03352649882435798,0.18310242891311648
40,25,64,32,1,0.002,0.0327366404235363,0.18093270063400269
41,25,64,32,2,0.002,0.033491775393486016,0.1830075830221176
42,25,64,32,4,0.002,0.033033441752195365,0.1817510426044464
43,25,64,32,8,0.002,0.034503016620874405,0.1857498735189438
44,25,64,64,1,0.002,0.031666021794080734,0.17794948816299438
45,25,64,64,2,0.002,0.032460689544677734,0.1801685094833374
46,25,64,64,4,0.002,0.034305687993764884,0.1852179318666458
47,25,64,64,8,0.002,0.03536994382739067,0.18806897103786469
48,25,128,16,1,0.002,0.03154084458947182,0.17759743332862854
49,25,128,16,2,0.002,0.03347381204366684,0.1829584836959839
50,25,128,16,4,0.002,0.033481914550065994,0.18298065662384036
51,25,128,16,8,0.002,0.03384964540600777,0.1839827299118042
52,25,128,32,1,0.002,0.02945465222001076,0.1716235727071762
53,25,128,32,2,0.002,0.032539140433073044,0.1803860813379288
54,25,128,32,4,0.002,0.033646780997514725,0.18343058228492734
55,25,128,32,8,0.002,0.033672615885734565,0.1835009902715683
56,25,128,64,1,0.002,0.033043600618839264,0.18177898228168488
57,25,128,64,2,0.002,0.03307131677865982,0.1818552017211914
58,25,128,64,4,0.002,0.034489691257476814,0.1857140064239502
59,25,128,64,8,0.002,0.03437364846467972,0.1854013204574585
60,25,256,16,1,0.002,0.026092050597071648,0.16153034567832947
61,25,256,16,2,0.002,0.02644043229520321,0.1626051366329193
62,25,256,16,4,0.002,0.026981733739376068,0.16426116228103638
63,25,256,16,8,0.002,0.03330206871032715,0.18248853087425232
64,25,256,32,1,0.002,0.02661320753395557,0.1631355583667755
65,25,256,32,2,0.002,0.03301917016506195,0.18171177804470065
66,25,256,32,4,0.002,0.033446554094552994,0.18288399279117584
67,25,256,32,8,0.002,0.03408501669764519,0.18462127447128296
68,25,256,64,1,0.002,0.02684588730335236,0.1638471484184265
69,25,256,64,2,0.002,0.032900352030992515,0.18138454854488373
70,25,256,64,4,0.002,0.03372689709067345,0.18364883959293365
71,25,256,64,8,0.002,0.02857886999845505,0.1690528690814972
72,50,64,16,1,0.002,0.033785965293645866,0.1838095784187317
73,50,64,16,2,0.002,0.03438156470656395,0.18542265892028809
74,50,64,16,4,0.002,0.0361536368727684,0.19014109671115875
75,50,64,16,8,0.002,0.03762030974030495,0.1939595639705658
76,50,64,32,1,0.002,0.0342852808535099,0.18516285717487332
77,50,64,32,2,0.002,0.035974979400634766,0.18967069685459134
78,50,64,32,4,0.002,0.037184316664934165,0.19283235073089602
79,50,64,32,8,0.002,0.03743952140212059,0.19349296391010284
80,50,64,64,1,0.002,0.035661857575178146,0.1888434886932373
81,50,64,64,2,0.002,0.036579489707946784,0.19125765562057492
82,50,64,64,4,0.002,0.03844393789768219,0.19607125222682956
83,50,64,64,8,0.002,0.037945877760648734,0.19479702413082126
84,50,128,16,1,0.002,0.033133432269096375,0.18202589452266693
85,50,128,16,2,0.002,0.034141458570957184,0.18477407097816467
86,50,128,16,4,0.002,0.03391622379422188,0.18416358530521396
87,50,128,16,8,0.002,0.035676565021276474,0.18888241052627566
88,50,128,32,1,0.002,0.03388238325715065,0.18407167494297028
89,50,128,32,2,0.002,0.03373560681939125,0.18367254734039307
90,50,128,32,4,0.002,0.03484880924224853,0.18667836487293246
91,50,128,32,8,0.002,0.03663702681660652,0.19140802323818207
92,50,128,64,1,0.002,0.033787857741117484,0.1838147342205048
93,50,128,64,2,0.002,0.03516007214784622,0.1875101923942566
94,50,128,64,4,0.002,0.036392796784639365,0.19076897203922272
95,50,128,64,8,0.002,0.038184858858585365,0.1954094618558884
96,50,256,16,1,0.002,0.03186136484146118,0.1784975230693817
97,50,256,16,2,0.002,0.033211980015039444,0.1822415590286255
98,50,256,16,4,0.002,0.0336013063788414,0.18330657482147214
99,50,256,16,8,0.002,0.03425484523177147,0.1850806474685669
100,50,256,32,1,0.002,0.032191839069128036,0.1794208437204361
101,50,256,32,2,0.002,0.033666882663965225,0.18348537385463715
102,50,256,32,4,0.002,0.03420552983880043,0.18494735658168796
103,50,256,32,8,0.002,0.03654160350561142,0.19115857779979706
104,50,256,64,1,0.002,0.033219657838344574,0.1822625994682312
105,50,256,64,2,0.002,0.033638950437307365,0.18340924382209775
106,50,256,64,4,0.002,0.035444509238004684,0.18826712667942047
107,50,256,64,8,0.002,0.034744467586278915,0.1863986849784851
108,75,64,16,1,0.002,0.03364373371005058,0.1834222823381424
109,75,64,16,2,0.002,0.03486926853656769,0.1867331564426422
110,75,64,16,4,0.002,0.0351010300219059,0.1873527020215988
111,75,64,16,8,0.002,0.03635571524500847,0.19067175686359408
112,75,64,32,1,0.002,0.03443196788430214,0.1855585426092148
113,75,64,32,2,0.002,0.034644849598407745,0.18613126873970032
114,75,64,32,4,0.002,0.03799087554216385,0.1949124783277512
115,75,64,32,8,0.002,0.03703046590089798,0.19243301451206207
116,75,64,64,1,0.002,0.035096023231744766,0.18733933568000796
117,75,64,64,2,0.002,0.0359468050301075,0.18959641456604004
118,75,64,64,4,0.002,0.037627756595611565,0.19397875666618347
119,75,64,64,8,0.002,0.036832723766565316,0.1919185370206833
120,75,128,16,1,0.002,0.033233743160963065,0.18230123817920685
121,75,128,16,2,0.002,0.03426957502961159,0.18512043356895447
122,75,128,16,4,0.002,0.034965377300977714,0.18699030578136444
123,75,128,16,8,0.002,0.034368224442005164,0.18538668751716614
124,75,128,32,1,0.002,0.033845677971839905,0.18397194147109985
125,75,128,32,2,0.002,0.03458763286471367,0.1859775185585022
126,75,128,32,4,0.002,0.03475816175341606,0.18643541634082794
127,75,128,32,8,0.002,0.03599993512034416,0.1897364854812622
128,75,128,64,1,0.002,0.03389228507876396,0.1840985715389252
129,75,128,64,2,0.002,0.03448208793997765,0.18569353222846985
130,75,128,64,4,0.002,0.036270245909690864,0.19044749438762665
131,75,128,64,8,0.002,0.03685393556952477,0.19197379052639008
132,75,256,16,1,0.002,0.0336042083799839,0.1833145022392273
133,75,256,16,2,0.002,0.034222811460494995,0.18499410152435306
134,75,256,16,4,0.002,0.03381647914648056,0.18389257788658145
135,75,256,16,8,0.002,0.03521323576569557,0.1876518875360489
136,75,256,32,1,0.002,0.03339361771941185,0.1827391982078552
137,75,256,32,2,0.002,0.03371994197368622,0.18362990021705627
138,75,256,32,4,0.002,0.03477069362998009,0.18646901845932007
139,75,256,32,8,0.002,0.03526078909635544,0.18777857720851895
140,75,256,64,1,0.002,0.033230111002922065,0.18229128420352936
141,75,256,64,2,0.002,0.03395061194896698,0.18425691127777102
142,75,256,64,4,0.002,0.035583999007940285,0.18863721191883087
143,75,256,64,8,0.002,0.036023072898387916,0.18979746103286746
144,100,64,16,1,0.002,0.033726852387189865,0.1836487203836441
145,100,64,16,2,0.002,0.035634856671094894,0.18877196311950686
146,100,64,16,4,0.002,0.036654897034168236,0.1914547085762024
147,100,64,16,8,0.002,0.03709112107753754,0.19259054958820346
148,100,64,32,1,0.002,0.0350421704351902,0.1871955394744873
149,100,64,32,2,0.002,0.03709492087364197,0.19260041415691376
150,100,64,32,4,0.002,0.037080612033605576,0.1925632655620575
151,100,64,32,8,0.002,0.03593629598617554,0.18956871330738068
152,100,64,64,1,0.002,0.03650407493114472,0.1910603791475296
153,100,64,64,2,0.002,0.03795376420021057,0.19481727480888367
154,100,64,64,4,0.002,0.037991378456354134,0.19491377472877505
155,100,64,64,8,0.002,0.037511814385652535,0.19367967545986176
156,100,128,16,1,0.002,0.034315094351768494,0.18524332344532013
157,100,128,16,2,0.002,0.034637805074453354,0.18611235916614527
158,100,128,16,4,0.002,0.0363781675696373,0.19073061645030973
159,100,128,16,8,0.002,0.037757698446512215,0.1943134069442749
160,100,128,32,1,0.002,0.034359160810709,0.18536224961280826
161,100,128,32,2,0.002,0.03614068403840065,0.1901070177555084
162,100,128,32,4,0.002,0.03764215111732483,0.19401584565639496
163,100,128,32,8,0.002,0.03755747899413109,0.1937975138425827
164,100,128,64,1,0.002,0.03516444191336632,0.18752186000347135
165,100,128,64,2,0.002,0.036264311522245414,0.19043192267417908
166,100,128,64,4,0.002,0.03785843029618263,0.1945724338293076
167,100,128,64,8,0.002,0.03693942353129387,0.1921963095664978
168,100,256,16,1,0.002,0.03341575339436531,0.18279975652694705
169,100,256,16,2,0.002,0.033702977001667016,0.1835837215185165
170,100,256,16,4,0.002,0.03449627384543419,0.18573172390460968
171,100,256,16,8,0.002,0.03614749759435654,0.19012495875358584
172,100,256,32,1,0.002,0.033708605915308,0.18359903991222384
173,100,256,32,2,0.002,0.03395988792181015,0.1842820942401886
174,100,256,32,4,0.002,0.034718692302703864,0.1863295286893845
175,100,256,32,8,0.002,0.037076171487569816,0.19255173206329346
176,100,256,64,1,0.002,0.03399165719747543,0.18436826765537265
177,100,256,64,2,0.002,0.03468630462884903,0.1862425804138184
178,100,256,64,4,0.002,0.036724813282489784,0.19163718819618225
179,100,256,64,8,0.002,0.03620517998933792,0.1902765929698944
0,10,64,16,1,0.001,0.026266664266586304,0.16206994652748108
1,10,64,16,2,0.001,0.02672034129500389,0.16346357762813568
2,10,64,16,4,0.001,0.027420401573181152,0.1655910760164261
3,10,64,16,8,0.001,0.02659036405384541,0.16306552290916446
4,10,64,32,1,0.001,0.02648473903536797,0.16274131834506989
5,10,64,32,2,0.001,0.027044419199228287,0.16445188224315646
6,10,64,32,4,0.001,0.03221319615840912,0.17948034405708313
7,10,64,32,8,0.001,0.032287944108247764,0.1796884685754776
8,10,64,64,1,0.001,0.026827773079276085,0.16379186511039734
9,10,64,64,2,0.001,0.03208181634545326,0.17911396920681
10,10,64,64,4,0.001,0.0317545123398304,0.1781979650259018
11,10,64,64,8,0.001,0.033413149416446686,0.1827926486730576
12,10,128,16,1,0.001,0.0260982196778059,0.1615494340658188
13,10,128,16,2,0.001,0.025984534993767742,0.16119718551635742
14,10,128,16,4,0.001,0.026078462600708008,0.16148827970027926
15,10,128,16,8,0.001,0.026041476055979732,0.16137370467185974
16,10,128,32,1,0.001,0.026139263063669205,0.16167642176151276
17,10,128,32,2,0.001,0.026432551443576813,0.16258090734481812
18,10,128,32,4,0.001,0.02650934457778931,0.16281691193580627
19,10,128,32,8,0.001,0.026127327233552933,0.1616394966840744
20,10,128,64,1,0.001,0.026195688173174855,0.16185082495212555
21,10,128,64,2,0.001,0.026416700333356857,0.16253215074539185
22,10,128,64,4,0.001,0.029612524434924126,0.17208290100097656
23,10,128,64,8,0.001,0.0294257290661335,0.1715392768383026
24,10,256,16,1,0.001,0.026409061625599858,0.16250865161418915
25,10,256,16,2,0.001,0.026839302852749825,0.16382704675197599
26,10,256,16,4,0.001,0.026533391326665882,0.1628907471895218
27,10,256,16,8,0.001,0.02640468440949917,0.1624951958656311
28,10,256,32,1,0.001,0.026460204273462296,0.1626659333705902
29,10,256,32,2,0.001,0.02636328898370266,0.16236774623394012
30,10,256,32,4,0.001,0.02600247412919998,0.16125282645225525
31,10,256,32,8,0.001,0.026098707690835,0.16155095398426056
32,10,256,64,1,0.001,0.02650165930390358,0.16279330849647522
33,10,256,64,2,0.001,0.025955615565180782,0.16110746562480927
34,10,256,64,4,0.001,0.02620609663426876,0.16188296675682068
35,10,256,64,8,0.001,0.02627284824848175,0.162089005112648
36,25,64,16,1,0.001,0.030068881809711456,0.1734038144350052
37,25,64,16,2,0.001,0.03307817503809929,0.1818740665912628
38,25,64,16,4,0.001,0.0334429033100605,0.182874009013176
39,25,64,16,8,0.001,0.033296868205070496,0.1824743002653122
40,25,64,32,1,0.001,0.031642138957977295,0.1778823733329773
41,25,64,32,2,0.001,0.033501990139484406,0.1830354928970337
42,25,64,32,4,0.001,0.03314076364040375,0.182046040892601
43,25,64,32,8,0.001,0.03361543267965317,0.18334512412548065
44,25,64,64,1,0.001,0.031817305833101266,0.17837406694889069
45,25,64,64,2,0.001,0.03263118863105774,0.1806410402059555
46,25,64,64,4,0.001,0.0329955518245697,0.18164677917957306
47,25,64,64,8,0.001,0.03409624472260475,0.1846516728401184
48,25,128,16,1,0.001,0.026430079713463783,0.16257329285144806
49,25,128,16,2,0.001,0.02937818877398968,0.17140065133571625
50,25,128,16,4,0.001,0.033211223781108856,0.1822394579648972
51,25,128,16,8,0.001,0.03169117495417595,0.1780201494693756
52,25,128,32,1,0.001,0.026495669037103653,0.16277490556240082
53,25,128,32,2,0.001,0.03299947455525398,0.1816575676202774
54,25,128,32,4,0.001,0.033805381506681435,0.18386240303516388
55,25,128,32,8,0.001,0.03305373340845108,0.18180686235427854
56,25,128,64,1,0.001,0.03141188248991966,0.1772339791059494
57,25,128,64,2,0.001,0.03391112014651298,0.18414972722530365
58,25,128,64,4,0.001,0.0338854044675827,0.18407988548278809
59,25,128,64,8,0.001,0.03298141062259674,0.18160784244537356
60,25,256,16,1,0.001,0.026040151715278625,0.16136962175369265
61,25,256,16,2,0.001,0.026380661875009537,0.16242124140262604
62,25,256,16,4,0.001,0.02643859013915062,0.16259947419166565
63,25,256,16,8,0.001,0.02624580264091492,0.16200555860996246
64,25,256,32,1,0.001,0.02621958963572979,0.16192464530467987
65,25,256,32,2,0.001,0.026472998782992363,0.16270525753498075
66,25,256,32,4,0.001,0.027266455814242363,0.16512557864189148
67,25,256,32,8,0.001,0.031867969781160355,0.17851601541042328
68,25,256,64,1,0.001,0.02637273259460926,0.16239683330059052
69,25,256,64,2,0.001,0.02651567943394184,0.16283635795116425
70,25,256,64,4,0.001,0.0328504741191864,0.18124699592590326
71,25,256,64,8,0.001,0.033216942101716995,0.18225516378879547
72,50,64,16,1,0.001,0.03287363424897194,0.18131087720394132
73,50,64,16,2,0.001,0.03365673869848251,0.18345771729946134
74,50,64,16,4,0.001,0.03441579267382622,0.1855149269104004
75,50,64,16,8,0.001,0.035846628248691566,0.1893320530653
76,50,64,32,1,0.001,0.033687673509120934,0.18354201316833496
77,50,64,32,2,0.001,0.034206684678792953,0.18495048582553866
78,50,64,32,4,0.001,0.035314183682203286,0.1879206895828247
79,50,64,32,8,0.001,0.03784604370594025,0.1945405900478363
80,50,64,64,1,0.001,0.03442837670445442,0.1855488568544388
81,50,64,64,2,0.001,0.035427574068307884,0.18822212517261505
82,50,64,64,4,0.001,0.03653452172875405,0.1911400556564331
83,50,64,64,8,0.001,0.038493562489748,0.1961977630853653
84,50,128,16,1,0.001,0.031834129244089134,0.17842121422290802
85,50,128,16,2,0.001,0.03247515857219696,0.18020863831043246
86,50,128,16,4,0.001,0.03375118225812912,0.1837149560451508
87,50,128,16,8,0.001,0.033922366797924035,0.18418025970458984
88,50,128,32,1,0.001,0.03299044817686081,0.1816327273845673
89,50,128,32,2,0.001,0.033811915665864944,0.18388015031814572
90,50,128,32,4,0.001,0.033773858100175864,0.1837766468524933
91,50,128,32,8,0.001,0.0353480726480484,0.1880108267068863
92,50,128,64,1,0.001,0.032943256199359894,0.1815027892589569
93,50,128,64,2,0.001,0.03347806632518768,0.18297013640403748
94,50,128,64,4,0.001,0.034622080624103546,0.1860700994729996
95,50,128,64,8,0.001,0.03668718039989472,0.1915389746427536
96,50,256,16,1,0.001,0.026478828862309456,0.16272315382957458
97,50,256,16,2,0.001,0.026749387383461002,0.16355238854885099
98,50,256,16,4,0.001,0.0336068756878376,0.1833217740058899
99,50,256,16,8,0.001,0.03356032073497772,0.18319475650787356
100,50,256,32,1,0.001,0.026707546785473824,0.16342443227767944
101,50,256,32,2,0.001,0.03301437571644783,0.18169859051704407
102,50,256,32,4,0.001,0.033746592700481415,0.18370245397090912
103,50,256,32,8,0.001,0.03377895057201385,0.1837905198335648
104,50,256,64,1,0.001,0.031891874969005585,0.17858296632766724
105,50,256,64,2,0.001,0.03375528007745743,0.18372610211372373
106,50,256,64,4,0.001,0.033644672483205795,0.18342484533786774
107,50,256,64,8,0.001,0.03406298160552978,0.1845615953207016
108,75,64,16,1,0.001,0.03377646207809448,0.1837837398052216
109,75,64,16,2,0.001,0.033909957855939865,0.18414656817913053
110,75,64,16,4,0.001,0.034901585429906845,0.1868196576833725
111,75,64,16,8,0.001,0.035112634301185615,0.18738365173339844
112,75,64,32,1,0.001,0.03350180760025978,0.1830349862575531
113,75,64,32,2,0.001,0.034617453813552856,0.1860576570034027
114,75,64,32,4,0.001,0.03523978590965271,0.18772262334823608
115,75,64,32,8,0.001,0.03625386208295822,0.19040447473526
116,75,64,64,1,0.001,0.033610749989747994,0.18333235383033752
117,75,64,64,2,0.001,0.034709639847278595,0.1863052397966385
118,75,64,64,4,0.001,0.03625432774424553,0.1904056966304779
119,75,64,64,8,0.001,0.03647343069314957,0.1909801959991455
120,75,128,16,1,0.001,0.0328708179295063,0.18130311369895932
121,75,128,16,2,0.001,0.03400235250592232,0.18439726531505585
122,75,128,16,4,0.001,0.03431100770831108,0.18523231148719788
123,75,128,16,8,0.001,0.0346183255314827,0.18606001138687134
124,75,128,32,1,0.001,0.03360292688012123,0.18331101536750796
125,75,128,32,2,0.001,0.03378627449274063,0.18381042778491974
126,75,128,32,4,0.001,0.03523734584450722,0.1877161264419556
127,75,128,32,8,0.001,0.035151250660419464,0.1874866634607315
128,75,128,64,1,0.001,0.03359903022646904,0.18330039083957672
129,75,128,64,2,0.001,0.03462373465299606,0.1860745400190353
130,75,128,64,4,0.001,0.035055961459875114,0.1872323751449585
131,75,128,64,8,0.001,0.03600607067346573,0.18975265324115756
132,75,256,16,1,0.001,0.03158921003341675,0.17773354053497314
133,75,256,16,2,0.001,0.0330200158059597,0.18171411752700808
134,75,256,16,4,0.001,0.03393445536494255,0.1842130720615387
135,75,256,16,8,0.001,0.03394293412566185,0.184236079454422
136,75,256,32,1,0.001,0.032116398215293884,0.17921049892902374
137,75,256,32,2,0.001,0.03339757025241852,0.182750016450882
138,75,256,32,4,0.001,0.034006092697381966,0.18440741300582889
139,75,256,32,8,0.001,0.034863829612731934,0.18671856820583346
140,75,256,64,1,0.001,0.033508840948343284,0.1830542087554932
141,75,256,64,2,0.001,0.03356698155403137,0.18321293592453006
142,75,256,64,4,0.001,0.03395804017782211,0.18427707254886627
143,75,256,64,8,0.001,0.03506981953978538,0.18726935982704165
144,100,64,16,1,0.001,0.03480018302798271,0.18654806911945346
145,100,64,16,2,0.001,0.03488447144627571,0.18677383661270144
146,100,64,16,4,0.001,0.035318631678819656,0.18793252110481265
147,100,64,16,8,0.001,0.03634176403284073,0.190635159611702
148,100,64,32,1,0.001,0.03443560749292374,0.18556833267211914
149,100,64,32,2,0.001,0.03526398167014122,0.18778705596923828
150,100,64,32,4,0.001,0.036960598081350333,0.19225139915943146
151,100,64,32,8,0.001,0.03668016940355301,0.19152069091796875
152,100,64,64,1,0.001,0.03513655439019203,0.18744748830795288
153,100,64,64,2,0.001,0.03615790605545044,0.19015231728553766
154,100,64,64,4,0.001,0.03667157888412476,0.19149826467037198
155,100,64,64,8,0.001,0.03827714547514916,0.19564545154571533
156,100,128,16,1,0.001,0.03246978297829628,0.1801937371492386
157,100,128,16,2,0.001,0.03326234593987465,0.18237966299057007
158,100,128,16,4,0.001,0.03427204117178917,0.18512709438800806
159,100,128,16,8,0.001,0.03657326102256775,0.19124135375022888
160,100,128,32,1,0.001,0.03438688442111015,0.18543699383735654
161,100,128,32,2,0.001,0.03463615477085113,0.1861079186201096
162,100,128,32,4,0.001,0.03591332584619522,0.1895081102848053
163,100,128,32,8,0.001,0.03740804269909859,0.19341158866882324
164,100,128,64,1,0.001,0.03443536534905434,0.1855676770210266
165,100,128,64,2,0.001,0.03542722389101982,0.18822121620178225
166,100,128,64,4,0.001,0.03697262704372406,0.19228266179561612
167,100,128,64,8,0.001,0.037612419575452805,0.193939208984375
168,100,256,16,1,0.001,0.0321483388543129,0.17929959297180176
169,100,256,16,2,0.001,0.03331214562058449,0.18251612782478333
170,100,256,16,4,0.001,0.033883489668369286,0.18407468497753146
171,100,256,16,8,0.001,0.03411826491355896,0.1847113072872162
172,100,256,32,1,0.001,0.032782744616270065,0.1810600608587265
173,100,256,32,2,0.001,0.03350502997636795,0.18304379284381864
174,100,256,32,4,0.001,0.03378110006451607,0.18379636108875275
175,100,256,32,8,0.001,0.034678559750318534,0.18622180819511414
176,100,256,64,1,0.001,0.033423062413930886,0.1828197538852692
177,100,256,64,2,0.001,0.033904824405908585,0.1841326206922531
178,100,256,64,4,0.001,0.03431576862931252,0.18524515628814694
179,100,256,64,8,0.001,0.0381934829056263,0.19543151557445526
0,10,64,16,1,0.0005,0.0262008048593998,0.16186662018299106
1,10,64,16,2,0.0005,0.02640807442367077,0.1625056266784668
2,10,64,16,4,0.0005,0.02648233063519001,0.16273392736911774
3,10,64,16,8,0.0005,0.026035431772470474,0.16135500371456146
4,10,64,32,1,0.0005,0.026201879605650902,0.16186994314193726
5,10,64,32,2,0.0005,0.026614442467689514,0.16313932836055756
6,10,64,32,4,0.0005,0.028046386316418648,0.1674705594778061
7,10,64,32,8,0.0005,0.029885489493608475,0.17287419736385345
8,10,64,64,1,0.0005,0.0264156237244606,0.1625288426876068
9,10,64,64,2,0.0005,0.02687343955039978,0.163931205868721
10,10,64,64,4,0.0005,0.030090587213635445,0.17346638441085815
11,10,64,64,8,0.0005,0.03145163878798485,0.1773460954427719
12,10,128,16,1,0.0005,0.026774005964398384,0.16362763941287994
13,10,128,16,2,0.0005,0.02654766477644444,0.1629345417022705
14,10,128,16,4,0.0005,0.02640153095126152,0.16248548030853271
15,10,128,16,8,0.0005,0.026379138231277462,0.16241656243801114
16,10,128,32,1,0.0005,0.02643466368317604,0.16258740425109866
17,10,128,32,2,0.0005,0.026136340573430058,0.1616673767566681
18,10,128,32,4,0.0005,0.026470625773072243,0.1626979559659958
19,10,128,32,8,0.0005,0.02630055509507656,0.16217446327209473
20,10,128,64,1,0.0005,0.026253066956996918,0.1620279848575592
21,10,128,64,2,0.0005,0.026436999440193176,0.16259458661079407
22,10,128,64,4,0.0005,0.026449833065271374,0.16263404488563538
23,10,128,64,8,0.0005,0.029210107401013374,0.17090964317321775
24,10,256,16,1,0.0005,0.027637001127004623,0.1662437915802002
25,10,256,16,2,0.0005,0.027844812721014026,0.16686764359474182
26,10,256,16,4,0.0005,0.027602978050708767,0.16614143550395966
27,10,256,16,8,0.0005,0.027427602559328083,0.16561280190944672
28,10,256,32,1,0.0005,0.0269988626241684,0.16431330144405365
29,10,256,32,2,0.0005,0.02715655602514744,0.16479246318340302
30,10,256,32,4,0.0005,0.02691187337040901,0.16404838860034945
31,10,256,32,8,0.0005,0.026686128228902817,0.1633588969707489
32,10,256,64,1,0.0005,0.02725078351795673,0.16507811844348907
33,10,256,64,2,0.0005,0.02670811861753464,0.1634262055158615
34,10,256,64,4,0.0005,0.02630232647061348,0.16217993199825287
35,10,256,64,8,0.0005,0.026307642459869385,0.1621963232755661
36,25,64,16,1,0.0005,0.026516981422901157,0.1628403514623642
37,25,64,16,2,0.0005,0.02704806439578533,0.16446295380592346
38,25,64,16,4,0.0005,0.03329356014728546,0.18246522545814514
39,25,64,16,8,0.0005,0.03327356278896332,0.18241043388843536
40,25,64,32,1,0.0005,0.026774447411298752,0.16362901031970978
41,25,64,32,2,0.0005,0.03311266750097275,0.18196886777877808
42,25,64,32,4,0.0005,0.033225852996110916,0.18227960169315335
43,25,64,32,8,0.0005,0.032464493066072464,0.18017905950546265
44,25,64,64,1,0.0005,0.031104929745197293,0.17636588215827942
45,25,64,64,2,0.0005,0.03334568440914154,0.18260802328586576
46,25,64,64,4,0.0005,0.03260786086320877,0.18057647347450256
47,25,64,64,8,0.0005,0.033626962453126914,0.18337656557559967
48,25,128,16,1,0.0005,0.02596396394073963,0.16113337874412534
49,25,128,16,2,0.0005,0.026559434831142426,0.1629706472158432
50,25,128,16,4,0.0005,0.026793893426656726,0.16368840634822845
51,25,128,16,8,0.0005,0.02595491334795952,0.16110530495643616
52,25,128,32,1,0.0005,0.026282627135515213,0.16211917996406555
53,25,128,32,2,0.0005,0.026724569499492645,0.16347651183605194
54,25,128,32,4,0.0005,0.031280621886253364,0.17686328291893005
55,25,128,32,8,0.0005,0.032881829887628555,0.18133345246315
56,25,128,64,1,0.0005,0.026503905653953552,0.16280019283294678
57,25,128,64,2,0.0005,0.030556166544556618,0.174803227186203
58,25,128,64,4,0.0005,0.03400198370218277,0.18439626693725586
59,25,128,64,8,0.0005,0.032867420464754105,0.1812937408685684
60,25,256,16,1,0.0005,0.026696359738707542,0.16339020431041718
61,25,256,16,2,0.0005,0.026165548712015152,0.1617576777935028
62,25,256,16,4,0.0005,0.026366164907813072,0.16237662732601166
63,25,256,16,8,0.0005,0.02619992382824421,0.16186390817165375
64,25,256,32,1,0.0005,0.02630879543721676,0.16219986975193024
65,25,256,32,2,0.0005,0.026461994275450703,0.16267143189907074
66,25,256,32,4,0.0005,0.02656069025397301,0.1629745066165924
67,25,256,32,8,0.0005,0.0303120631724596,0.17410360276699066
68,25,256,64,1,0.0005,0.026269268244504932,0.16207796335220334
69,25,256,64,2,0.0005,0.026403462514281276,0.16249144077301025
70,25,256,64,4,0.0005,0.030729182064533237,0.17529740929603574
71,25,256,64,8,0.0005,0.0312827005982399,0.17686916887760162
72,50,64,16,1,0.0005,0.03179484233260155,0.17831109464168549
73,50,64,16,2,0.0005,0.033253785222768784,0.18235620856285092
74,50,64,16,4,0.0005,0.03395532816648483,0.1842697113752365
75,50,64,16,8,0.0005,0.03440156951546669,0.18547658622264865
76,50,64,32,1,0.0005,0.03236624225974083,0.1799062192440033
77,50,64,32,2,0.0005,0.03366146609187126,0.18347060680389404
78,50,64,32,4,0.0005,0.03403279185295105,0.18447980284690854
79,50,64,32,8,0.0005,0.035881225019693375,0.18942339718341827
80,50,64,64,1,0.0005,0.03321415185928345,0.18224748969078064
81,50,64,64,2,0.0005,0.03409554809331894,0.184649795293808
82,50,64,64,4,0.0005,0.034946259111166,0.18693919479846954
83,50,64,64,8,0.0005,0.03712139278650284,0.19266913831233975
84,50,128,16,1,0.0005,0.026599245145916942,0.1630927473306656
85,50,128,16,2,0.0005,0.02669939398765564,0.16339948773384094
86,50,128,16,4,0.0005,0.033543717116117484,0.18314942717552185
87,50,128,16,8,0.0005,0.03332554548978805,0.18255285918712616
88,50,128,32,1,0.0005,0.026784762740135196,0.16366051137447354
89,50,128,32,2,0.0005,0.03344985470175743,0.1828930228948593
90,50,128,32,4,0.0005,0.0335160568356514,0.18307392299175265
91,50,128,32,8,0.0005,0.03392818570137024,0.18419604003429413
92,50,128,64,1,0.0005,0.032198578119277954,0.17943961918354034
93,50,128,64,2,0.0005,0.0334269218146801,0.1828303039073944
94,50,128,64,4,0.0005,0.033854901790618896,0.1839970052242279
95,50,128,64,8,0.0005,0.03495309129357338,0.1869574636220932
96,50,256,16,1,0.0005,0.02615925297141075,0.16173821687698364
97,50,256,16,2,0.0005,0.026493998244404796,0.16276976466178894
98,50,256,16,4,0.0005,0.027862239629030228,0.16691985726356506
99,50,256,16,8,0.0005,0.03157492354512215,0.17769333720207214
100,50,256,32,1,0.0005,0.02638244815170765,0.16242675483226776
101,50,256,32,2,0.0005,0.026580078527331352,0.16303397715091705
102,50,256,32,4,0.0005,0.033452361822128296,0.1828998625278473
103,50,256,32,8,0.0005,0.03317280113697052,0.1821340024471283
104,50,256,64,1,0.0005,0.0265094842761755,0.1628173440694809
105,50,256,64,2,0.0005,0.03227536380290985,0.17965346574783325
106,50,256,64,4,0.0005,0.03385821357369423,0.18400602042675016
107,50,256,64,8,0.0005,0.03328501805663109,0.1824418157339096
108,75,64,16,1,0.0005,0.03253394737839699,0.18037168681621552
109,75,64,16,2,0.0005,0.03343958780169487,0.1828649491071701
110,75,64,16,4,0.0005,0.03378833085298538,0.18381603062152865
111,75,64,16,8,0.0005,0.03454239666461945,0.18585583567619324
112,75,64,32,1,0.0005,0.033235955983400345,0.18230731785297394
113,75,64,32,2,0.0005,0.03436427190899849,0.18537603318691254
114,75,64,32,4,0.0005,0.034359179437160485,0.1853622943162918
115,75,64,32,8,0.0005,0.035117343068122864,0.18739621341228485
116,75,64,64,1,0.0005,0.033601053059101105,0.18330588936805725
117,75,64,64,2,0.0005,0.034123115241527564,0.1847244203090668
118,75,64,64,4,0.0005,0.03509416431188584,0.1873343735933304
119,75,64,64,8,0.0005,0.03595338389277458,0.18961375951766968
120,75,128,16,1,0.0005,0.03154664486646652,0.177613765001297
121,75,128,16,2,0.0005,0.03310738131403923,0.18195433914661407
122,75,128,16,4,0.0005,0.033795591443777084,0.18383578956127167
123,75,128,16,8,0.0005,0.033674124628305435,0.1835051029920578
124,75,128,32,1,0.0005,0.032962270081043236,0.1815551370382309
125,75,128,32,2,0.0005,0.033573538064956665,0.18323083221912384
126,75,128,32,4,0.0005,0.03398876264691353,0.18436041474342346
127,75,128,32,8,0.0005,0.03474768251180649,0.18640729784965515
128,75,128,64,1,0.0005,0.03319019451737404,0.18218174576759336
129,75,128,64,2,0.0005,0.03391964361071586,0.1841728687286377
130,75,128,64,4,0.0005,0.034102845937013626,0.18466955423355105
131,75,128,64,8,0.0005,0.0348481610417366,0.18667662143707275
132,75,256,16,1,0.0005,0.02640492655336857,0.1624959409236908
133,75,256,16,2,0.0005,0.027056436985731125,0.16448841989040375
134,75,256,16,4,0.0005,0.030883168801665306,0.17573606967926025
135,75,256,16,8,0.0005,0.03378114476799965,0.1837964802980423
136,75,256,32,1,0.0005,0.02646864578127861,0.1626918762922287
137,75,256,32,2,0.0005,0.032716434448957436,0.18087686598300934
138,75,256,32,4,0.0005,0.034317467361688614,0.18524974584579468
139,75,256,32,8,0.0005,0.033640190958976746,0.1834126263856888
140,75,256,64,1,0.0005,0.032036151736974716,0.17898644506931305
141,75,256,64,2,0.0005,0.03377104923129082,0.18376900255680084
142,75,256,64,4,0.0005,0.033612068742513664,0.18333593010902405
143,75,256,64,8,0.0005,0.034321293234825134,0.185260072350502
144,100,64,16,1,0.0005,0.03362468630075455,0.18337033689022064
145,100,64,16,2,0.0005,0.034465745091438287,0.1856495290994644
146,100,64,16,4,0.0005,0.03463083133101463,0.18609361350536344
147,100,64,16,8,0.0005,0.035932961851358414,0.1895599067211151
148,100,64,32,1,0.0005,0.0338149219751358,0.1838883459568024
149,100,64,32,2,0.0005,0.034702837467193604,0.18628697097301486
150,100,64,32,4,0.0005,0.03558631241321564,0.18864335119724274
151,100,64,32,8,0.0005,0.03575192391872406,0.1890817880630493
152,100,64,64,1,0.0005,0.034177646040916436,0.18487197160720825
153,100,64,64,2,0.0005,0.03492053598165512,0.18687038123607635
154,100,64,64,4,0.0005,0.03600577637553215,0.18975189328193665
155,100,64,64,8,0.0005,0.03684958443045616,0.19196246564388275
156,100,128,16,1,0.0005,0.03013305366039276,0.17358875274658206
157,100,128,16,2,0.0005,0.0324525386095047,0.18014587461948395
158,100,128,16,4,0.0005,0.03374391421675682,0.18369516730308533
159,100,128,16,8,0.0005,0.034750062972307205,0.1864136904478073
160,100,128,32,1,0.0005,0.032941080629825585,0.1814967840909958
161,100,128,32,2,0.0005,0.033831585198640816,0.1839336603879929
162,100,128,32,4,0.0005,0.034219931811094284,0.18498630821704865
163,100,128,32,8,0.0005,0.035998571664094925,0.1897328943014145
164,100,128,64,1,0.0005,0.033823873847723014,0.18391267955303192
165,100,128,64,2,0.0005,0.03408016636967659,0.1846081465482712
166,100,128,64,4,0.0005,0.03638527169823647,0.19074924290180206
167,100,128,64,8,0.0005,0.037144549190998084,0.19272920489311215
168,100,256,16,1,0.0005,0.02638380415737629,0.16243092715740204
169,100,256,16,2,0.0005,0.030304145067930218,0.17408086359500885
170,100,256,16,4,0.0005,0.03334341198205948,0.1826017946004868
171,100,256,16,8,0.0005,0.033955324441194534,0.1842697113752365
172,100,256,32,1,0.0005,0.03158310800790787,0.17771637439727786
173,100,256,32,2,0.0005,0.03320426121354103,0.18222036957740784
174,100,256,32,4,0.0005,0.033359479159116745,0.1826457679271698
175,100,256,32,8,0.0005,0.033910170197486884,0.18414714932441711
176,100,256,64,1,0.0005,0.03255118802189827,0.18041948974132535
177,100,256,64,2,0.0005,0.0334603413939476,0.18292167782783508
178,100,256,64,4,0.0005,0.033683225512504585,0.1835298985242844
179,100,256,64,8,0.0005,0.035470519214868546,0.1883361637592316
